record_id,site_id,window_start_utc,window_end_utc,anchor_timestamp_utc,image_id,relative_path,pm25_mean_ug_m3,pm10_mean_ug_m3,temperature_c,humidity_pct,pressure_hpa,pm_sensor_count,image_available
f5_2026-05_000001,site_godrej_15f,2026-05-03 18:30:00+00:00,2026-05-03 18:35:00+00:00,2026-05-03 18:35:00+00:00,,,27.109,41.597,21.97,84.06,1003.67,30,False
f5_2026-05_000002,site_godrej_15f,2026-05-03 18:35:00+00:00,2026-05-03 18:40:00+00:00,2026-05-03 18:40:00+00:00,,,27.764,43.4,22.2,83.91,1003.8,30,False
f5_2026-05_000003,site_godrej_15f,2026-05-03 18:40:00+00:00,2026-05-03 18:45:00+00:00,2026-05-03 18:45:00+00:00,,,27.511,42.979,22.12,84.62,1003.64,30,False
f5_2026-05_000004,site_godrej_15f,2026-05-03 18:45:00+00:00,2026-05-03 18:50:00+00:00,2026-05-03 18:50:00+00:00,,,27.3,42.427,21.83,84.51,1003.76,30,False
f5_2026-05_000005,site_godrej_15f,2026-05-03 18:50:00+00:00,2026-05-03 18:55:00+00:00,2026-05-03 18:55:00+00:00,,,27.241,42.562,22.53,84.05,1003.78,30,False
f5_2026-05_000006,site_godrej_15f,2026-05-03 18:55:00+00:00,2026-05-03 19:00:00+00:00,2026-05-03 19:00:00+00:00,,,27.449,42.157,22.08,82.88,1003.74,30,False
f5_2026-05_000007,site_godrej_15f,2026-05-03 19:00:00+00:00,2026-05-03 19:05:00+00:00,2026-05-03 19:05:00+00:00,,,27.987,43.603,22.54,83.26,1003.79,30,False
f5_2026-05_000008,site_godrej_15f,2026-05-03 19:05:00+00:00,2026-05-03 19:10:00+00:00,2026-05-03 19:10:00+00:00,,,27.938,43.737,22.17,83.48,1003.89,30,False
f5_2026-05_000009,site_godrej_15f,2026-05-03 19:10:00+00:00,2026-05-03 19:15:00+00:00,2026-05-03 19:15:00+00:00,,,27.631,42.461,22.32,83.76,1003.95,30,False
f5_2026-05_000010,site_godrej_15f,2026-05-03 19:15:00+00:00,2026-05-03 19:20:00+00:00,2026-05-03 19:20:00+00:00,,,28.372,44.009,22.03,84.26,1003.82,30,False
f5_2026-05_000011,site_godrej_15f,2026-05-03 19:20:00+00:00,2026-05-03 19:25:00+00:00,2026-05-03 19:25:00+00:00,,,28.133,43.501,22.13,83.84,1003.88,30,False
f5_2026-05_000012,site_godrej_15f,2026-05-03 19:25:00+00:00,2026-05-03 19:30:00+00:00,2026-05-03 19:30:00+00:00,,,28.114,44.192,22.34,82.84,1003.86,30,False
f5_2026-05_000013,site_godrej_15f,2026-05-03 19:30:00+00:00,2026-05-03 19:35:00+00:00,2026-05-03 19:35:00+00:00,,,28.336,43.549,22.4,82.62,1004.03,30,False
f5_2026-05_000014,site_godrej_15f,2026-05-03 19:35:00+00:00,2026-05-03 19:40:00+00:00,2026-05-03 19:40:00+00:00,,,28.314,44.057,22.78,83.83,1003.88,30,False
f5_2026-05_000015,site_godrej_15f,2026-05-03 19:40:00+00:00,2026-05-03 19:45:00+00:00,2026-05-03 19:45:00+00:00,,,28.534,44.246,22.24,82.68,1003.92,30,False
f5_2026-05_000016,site_godrej_15f,2026-05-03 19:45:00+00:00,2026-05-03 19:50:00+00:00,2026-05-03 19:50:00+00:00,,,28.654,43.75,22.39,83.47,1003.99,30,False
f5_2026-05_000017,site_godrej_15f,2026-05-03 19:50:00+00:00,2026-05-03 19:55:00+00:00,2026-05-03 19:55:00+00:00,,,28.824,44.787,22.71,82.13,1004.06,30,False
f5_2026-05_000018,site_godrej_15f,2026-05-03 19:55:00+00:00,2026-05-03 20:00:00+00:00,2026-05-03 20:00:00+00:00,,,28.483,43.965,22.48,82.08,1004.07,30,False
f5_2026-05_000019,site_godrej_15f,2026-05-03 20:00:00+00:00,2026-05-03 20:05:00+00:00,2026-05-03 20:05:00+00:00,,,28.954,45.135,22.98,82.68,1003.96,30,False
f5_2026-05_000020,site_godrej_15f,2026-05-03 20:05:00+00:00,2026-05-03 20:10:00+00:00,2026-05-03 20:10:00+00:00,,,28.818,44.623,23.0,83.56,1004.11,30,False
f5_2026-05_000021,site_godrej_15f,2026-05-03 20:10:00+00:00,2026-05-03 20:15:00+00:00,2026-05-03 20:15:00+00:00,,,28.962,44.813,23.11,82.71,1003.93,30,False
f5_2026-05_000022,site_godrej_15f,2026-05-03 20:15:00+00:00,2026-05-03 20:20:00+00:00,2026-05-03 20:20:00+00:00,,,29.552,46.249,23.04,83.03,1004.0,30,False
f5_2026-05_000023,site_godrej_15f,2026-05-03 20:20:00+00:00,2026-05-03 20:25:00+00:00,2026-05-03 20:25:00+00:00,,,29.74,46.424,23.21,81.77,1004.09,30,False
f5_2026-05_000024,site_godrej_15f,2026-05-03 20:25:00+00:00,2026-05-03 20:30:00+00:00,2026-05-03 20:30:00+00:00,,,29.617,45.218,23.47,81.73,1004.05,30,False
f5_2026-05_000025,site_godrej_15f,2026-05-03 20:30:00+00:00,2026-05-03 20:35:00+00:00,2026-05-03 20:35:00+00:00,,,29.403,45.429,23.48,82.24,1004.21,30,False
f5_2026-05_000026,site_godrej_15f,2026-05-03 20:35:00+00:00,2026-05-03 20:40:00+00:00,2026-05-03 20:40:00+00:00,,,29.724,45.921,23.57,81.15,1004.2,30,False
f5_2026-05_000027,site_godrej_15f,2026-05-03 20:40:00+00:00,2026-05-03 20:45:00+00:00,2026-05-03 20:45:00+00:00,,,29.915,46.573,23.06,81.03,1004.15,30,False
f5_2026-05_000028,site_godrej_15f,2026-05-03 20:45:00+00:00,2026-05-03 20:50:00+00:00,2026-05-03 20:50:00+00:00,,,29.881,46.454,23.37,81.71,1004.23,30,False
f5_2026-05_000029,site_godrej_15f,2026-05-03 20:50:00+00:00,2026-05-03 20:55:00+00:00,2026-05-03 20:55:00+00:00,,,30.18,46.337,23.24,81.46,1004.2,30,False
f5_2026-05_000030,site_godrej_15f,2026-05-03 20:55:00+00:00,2026-05-03 21:00:00+00:00,2026-05-03 21:00:00+00:00,,,29.598,45.865,24.04,82.06,1004.03,30,False
f5_2026-05_000031,site_godrej_15f,2026-05-03 21:00:00+00:00,2026-05-03 21:05:00+00:00,2026-05-03 21:05:00+00:00,,,30.822,48.276,23.6,81.65,1004.04,30,False
f5_2026-05_000032,site_godrej_15f,2026-05-03 21:05:00+00:00,2026-05-03 21:10:00+00:00,2026-05-03 21:10:00+00:00,,,30.639,47.369,23.59,80.05,1004.13,30,False
f5_2026-05_000033,site_godrej_15f,2026-05-03 21:10:00+00:00,2026-05-03 21:15:00+00:00,2026-05-03 21:15:00+00:00,,,30.706,47.593,24.01,81.67,1004.28,30,False
f5_2026-05_000034,site_godrej_15f,2026-05-03 21:15:00+00:00,2026-05-03 21:20:00+00:00,2026-05-03 21:20:00+00:00,,,30.329,47.921,24.22,81.52,1004.11,30,False
f5_2026-05_000035,site_godrej_15f,2026-05-03 21:20:00+00:00,2026-05-03 21:25:00+00:00,2026-05-03 21:25:00+00:00,,,30.715,47.298,23.96,80.3,1004.25,30,False
f5_2026-05_000036,site_godrej_15f,2026-05-03 21:25:00+00:00,2026-05-03 21:30:00+00:00,2026-05-03 21:30:00+00:00,,,30.933,47.223,24.43,80.29,1004.18,30,False
f5_2026-05_000037,site_godrej_15f,2026-05-03 21:30:00+00:00,2026-05-03 21:35:00+00:00,2026-05-03 21:35:00+00:00,,,31.077,48.213,24.35,80.58,1004.08,30,False
f5_2026-05_000038,site_godrej_15f,2026-05-03 21:35:00+00:00,2026-05-03 21:40:00+00:00,2026-05-03 21:40:00+00:00,,,30.975,47.376,24.65,79.94,1004.29,30,False
f5_2026-05_000039,site_godrej_15f,2026-05-03 21:40:00+00:00,2026-05-03 21:45:00+00:00,2026-05-03 21:45:00+00:00,,,31.343,48.606,24.26,80.2,1004.08,30,False
f5_2026-05_000040,site_godrej_15f,2026-05-03 21:45:00+00:00,2026-05-03 21:50:00+00:00,2026-05-03 21:50:00+00:00,,,31.788,49.513,24.63,80.1,1004.29,30,False
f5_2026-05_000041,site_godrej_15f,2026-05-03 21:50:00+00:00,2026-05-03 21:55:00+00:00,2026-05-03 21:55:00+00:00,,,31.609,48.801,24.38,79.96,1004.18,30,False
f5_2026-05_000042,site_godrej_15f,2026-05-03 21:55:00+00:00,2026-05-03 22:00:00+00:00,2026-05-03 22:00:00+00:00,,,32.311,49.694,24.54,78.46,1004.32,30,False
f5_2026-05_000043,site_godrej_15f,2026-05-03 22:00:00+00:00,2026-05-03 22:05:00+00:00,2026-05-03 22:05:00+00:00,,,31.867,49.515,25.23,79.22,1004.22,30,False
f5_2026-05_000044,site_godrej_15f,2026-05-03 22:05:00+00:00,2026-05-03 22:10:00+00:00,2026-05-03 22:10:00+00:00,,,31.337,48.822,25.06,79.18,1004.23,30,False
f5_2026-05_000045,site_godrej_15f,2026-05-03 22:10:00+00:00,2026-05-03 22:15:00+00:00,2026-05-03 22:15:00+00:00,,,32.175,49.832,25.04,79.52,1004.12,30,False
f5_2026-05_000046,site_godrej_15f,2026-05-03 22:15:00+00:00,2026-05-03 22:20:00+00:00,2026-05-03 22:20:00+00:00,,,32.393,50.212,25.2,77.77,1004.31,30,False
f5_2026-05_000047,site_godrej_15f,2026-05-03 22:20:00+00:00,2026-05-03 22:25:00+00:00,2026-05-03 22:25:00+00:00,,,32.408,50.466,25.31,78.71,1004.13,30,False
f5_2026-05_000048,site_godrej_15f,2026-05-03 22:25:00+00:00,2026-05-03 22:30:00+00:00,2026-05-03 22:30:00+00:00,,,32.636,50.767,25.35,77.79,1004.29,30,False
f5_2026-05_000049,site_godrej_15f,2026-05-03 22:30:00+00:00,2026-05-03 22:35:00+00:00,2026-05-03 22:35:00+00:00,,,32.752,50.972,25.96,77.08,1004.15,30,False
f5_2026-05_000050,site_godrej_15f,2026-05-03 22:35:00+00:00,2026-05-03 22:40:00+00:00,2026-05-03 22:40:00+00:00,,,32.899,50.606,26.08,76.73,1004.24,30,False
f5_2026-05_000051,site_godrej_15f,2026-05-03 22:40:00+00:00,2026-05-03 22:45:00+00:00,2026-05-03 22:45:00+00:00,,,32.839,50.726,25.81,77.01,1004.12,30,False
f5_2026-05_000052,site_godrej_15f,2026-05-03 22:45:00+00:00,2026-05-03 22:50:00+00:00,2026-05-03 22:50:00+00:00,,,32.975,51.733,25.98,77.75,1004.23,30,False
f5_2026-05_000053,site_godrej_15f,2026-05-03 22:50:00+00:00,2026-05-03 22:55:00+00:00,2026-05-03 22:55:00+00:00,,,33.219,51.129,26.28,77.73,1004.09,30,False
f5_2026-05_000054,site_godrej_15f,2026-05-03 22:55:00+00:00,2026-05-03 23:00:00+00:00,2026-05-03 23:00:00+00:00,,,33.506,51.927,26.0,77.1,1004.1,30,False
f5_2026-05_000055,site_godrej_15f,2026-05-03 23:00:00+00:00,2026-05-03 23:05:00+00:00,2026-05-03 23:05:00+00:00,,,33.738,52.195,26.64,75.84,1004.12,30,False
f5_2026-05_000056,site_godrej_15f,2026-05-03 23:05:00+00:00,2026-05-03 23:10:00+00:00,2026-05-03 23:10:00+00:00,,,34.006,52.523,26.86,77.17,1004.03,30,False
f5_2026-05_000057,site_godrej_15f,2026-05-03 23:10:00+00:00,2026-05-03 23:15:00+00:00,2026-05-03 23:15:00+00:00,,,33.72,52.609,27.02,77.14,1004.05,30,False
f5_2026-05_000058,site_godrej_15f,2026-05-03 23:15:00+00:00,2026-05-03 23:20:00+00:00,2026-05-03 23:20:00+00:00,,,33.908,53.138,26.55,76.64,1004.28,30,False
f5_2026-05_000059,site_godrej_15f,2026-05-03 23:20:00+00:00,2026-05-03 23:25:00+00:00,2026-05-03 23:25:00+00:00,,,34.37,53.511,26.64,75.2,1004.01,30,False
f5_2026-05_000060,site_godrej_15f,2026-05-03 23:25:00+00:00,2026-05-03 23:30:00+00:00,2026-05-03 23:30:00+00:00,,,34.423,53.639,27.0,74.8,1003.98,30,False
f5_2026-05_000061,site_godrej_15f,2026-05-03 23:30:00+00:00,2026-05-03 23:35:00+00:00,2026-05-03 23:35:00+00:00,,,34.238,52.972,27.33,76.3,1004.12,30,False
f5_2026-05_000062,site_godrej_15f,2026-05-03 23:35:00+00:00,2026-05-03 23:40:00+00:00,2026-05-03 23:40:00+00:00,,,34.055,52.697,27.17,75.6,1003.97,30,False
f5_2026-05_000063,site_godrej_15f,2026-05-03 23:40:00+00:00,2026-05-03 23:45:00+00:00,2026-05-03 23:45:00+00:00,,,34.845,53.747,27.77,75.83,1004.13,30,False
f5_2026-05_000064,site_godrej_15f,2026-05-03 23:45:00+00:00,2026-05-03 23:50:00+00:00,2026-05-03 23:50:00+00:00,,,34.607,53.594,27.21,74.69,1004.18,30,False
f5_2026-05_000065,site_godrej_15f,2026-05-03 23:50:00+00:00,2026-05-03 23:55:00+00:00,2026-05-03 23:55:00+00:00,,,34.972,54.246,27.64,73.85,1004.07,30,False
f5_2026-05_000066,site_godrej_15f,2026-05-03 23:55:00+00:00,2026-05-04 00:00:00+00:00,2026-05-04 00:00:00+00:00,,,35.365,55.178,27.99,73.28,1004.11,30,False
f5_2026-05_000067,site_godrej_15f,2026-05-04 00:00:00+00:00,2026-05-04 00:05:00+00:00,2026-05-04 00:05:00+00:00,,,35.519,54.701,27.88,73.43,1004.03,30,False
f5_2026-05_000068,site_godrej_15f,2026-05-04 00:05:00+00:00,2026-05-04 00:10:00+00:00,2026-05-04 00:10:00+00:00,,,35.42,54.917,28.18,74.0,1004.04,30,False
f5_2026-05_000069,site_godrej_15f,2026-05-04 00:10:00+00:00,2026-05-04 00:15:00+00:00,2026-05-04 00:15:00+00:00,,,35.296,55.029,27.83,73.4,1004.09,30,False
f5_2026-05_000070,site_godrej_15f,2026-05-04 00:15:00+00:00,2026-05-04 00:20:00+00:00,2026-05-04 00:20:00+00:00,,,36.546,56.757,28.1,73.4,1004.1,30,False
f5_2026-05_000071,site_godrej_15f,2026-05-04 00:20:00+00:00,2026-05-04 00:25:00+00:00,2026-05-04 00:25:00+00:00,,,36.026,55.546,28.52,73.03,1004.02,30,False
f5_2026-05_000072,site_godrej_15f,2026-05-04 00:25:00+00:00,2026-05-04 00:30:00+00:00,2026-05-04 00:30:00+00:00,,,36.054,55.86,28.72,73.52,1004.03,30,False
f5_2026-05_000073,site_godrej_15f,2026-05-04 00:30:00+00:00,2026-05-04 00:35:00+00:00,2026-05-04 00:35:00+00:00,img_00001,site_godrej_15f/raw/images/2026-05-04/img_2026-05-04T00-30-00Z.jpg,36.496,56.906,29.1,72.21,1004.09,30,True
f5_2026-05_000074,site_godrej_15f,2026-05-04 00:35:00+00:00,2026-05-04 00:40:00+00:00,2026-05-04 00:40:00+00:00,img_00002,site_godrej_15f/raw/images/2026-05-04/img_2026-05-04T00-35-00Z.jpg,37.419,58.926,29.03,71.59,1003.93,30,True
f5_2026-05_000075,site_godrej_15f,2026-05-04 00:40:00+00:00,2026-05-04 00:45:00+00:00,2026-05-04 00:45:00+00:00,img_00003,site_godrej_15f/raw/images/2026-05-04/img_2026-05-04T00-40-00Z.jpg,37.143,57.499,29.37,71.68,1004.09,30,True
f5_2026-05_000076,site_godrej_15f,2026-05-04 00:45:00+00:00,2026-05-04 00:50:00+00:00,2026-05-04 00:50:00+00:00,img_00004,site_godrej_15f/raw/images/2026-05-04/img_2026-05-04T00-45-00Z.jpg,37.901,59.026,29.4,71.34,1004.01,30,True
f5_2026-05_000077,site_godrej_15f,2026-05-04 00:50:00+00:00,2026-05-04 00:55:00+00:00,2026-05-04 00:55:00+00:00,img_00005,site_godrej_15f/raw/images/2026-05-04/img_2026-05-04T00-50-00Z.jpg,37.961,58.641,29.33,72.83,1003.8,30,True
f5_2026-05_000078,site_godrej_15f,2026-05-04 00:55:00+00:00,2026-05-04 01:00:00+00:00,2026-05-04 01:00:00+00:00,img_00006,site_godrej_15f/raw/images/2026-05-04/img_2026-05-04T00-55-00Z.jpg,38.3,59.473,29.57,70.75,1003.8,30,True
f5_2026-05_000079,site_godrej_15f,2026-05-04 01:00:00+00:00,2026-05-04 01:05:00+00:00,2026-05-04 01:05:00+00:00,img_00007,site_godrej_15f/raw/images/2026-05-04/img_2026-05-04T01-00-00Z.jpg,38.838,60.237,29.9,71.27,1003.85,30,True
f5_2026-05_000080,site_godrej_15f,2026-05-04 01:05:00+00:00,2026-05-04 01:10:00+00:00,2026-05-04 01:10:00+00:00,img_00008,site_godrej_15f/raw/images/2026-05-04/img_2026-05-04T01-05-00Z.jpg,39.441,61.434,29.3,71.62,1003.71,30,True
f5_2026-05_000081,site_godrej_15f,2026-05-04 01:10:00+00:00,2026-05-04 01:15:00+00:00,2026-05-04 01:15:00+00:00,img_00009,site_godrej_15f/raw/images/2026-05-04/img_2026-05-04T01-10-00Z.jpg,39.692,62.026,29.65,70.38,1003.73,30,True
f5_2026-05_000082,site_godrej_15f,2026-05-04 01:15:00+00:00,2026-05-04 01:20:00+00:00,2026-05-04 01:20:00+00:00,img_00010,site_godrej_15f/raw/images/2026-05-04/img_2026-05-04T01-15-00Z.jpg,40.239,62.47,30.01,69.86,1003.82,30,True
f5_2026-05_000083,site_godrej_15f,2026-05-04 01:20:00+00:00,2026-05-04 01:25:00+00:00,2026-05-04 01:25:00+00:00,img_00011,site_godrej_15f/raw/images/2026-05-04/img_2026-05-04T01-20-00Z.jpg,41.117,64.118,30.01,71.19,1003.74,30,True
f5_2026-05_000084,site_godrej_15f,2026-05-04 01:25:00+00:00,2026-05-04 01:30:00+00:00,2026-05-04 01:30:00+00:00,img_00012,site_godrej_15f/raw/images/2026-05-04/img_2026-05-04T01-25-00Z.jpg,41.515,64.401,30.4,70.87,1003.63,30,True
f5_2026-05_000085,site_godrej_15f,2026-05-04 01:30:00+00:00,2026-05-04 01:35:00+00:00,2026-05-04 01:35:00+00:00,img_00013,site_godrej_15f/raw/images/2026-05-04/img_2026-05-04T01-30-00Z.jpg,42.449,65.525,30.52,69.45,1003.66,30,True
f5_2026-05_000086,site_godrej_15f,2026-05-04 01:35:00+00:00,2026-05-04 01:40:00+00:00,2026-05-04 01:40:00+00:00,img_00014,site_godrej_15f/raw/images/2026-05-04/img_2026-05-04T01-35-00Z.jpg,43.104,66.179,30.42,69.8,1003.83,30,True
f5_2026-05_000087,site_godrej_15f,2026-05-04 01:40:00+00:00,2026-05-04 01:45:00+00:00,2026-05-04 01:45:00+00:00,img_00015,site_godrej_15f/raw/images/2026-05-04/img_2026-05-04T01-40-00Z.jpg,43.15,67.39,30.52,69.13,1003.74,30,True
f5_2026-05_000088,site_godrej_15f,2026-05-04 01:45:00+00:00,2026-05-04 01:50:00+00:00,2026-05-04 01:50:00+00:00,img_00016,site_godrej_15f/raw/images/2026-05-04/img_2026-05-04T01-45-00Z.jpg,44.306,68.663,30.95,70.29,1003.71,30,True
f5_2026-05_000089,site_godrej_15f,2026-05-04 01:50:00+00:00,2026-05-04 01:55:00+00:00,2026-05-04 01:55:00+00:00,img_00017,site_godrej_15f/raw/images/2026-05-04/img_2026-05-04T01-50-00Z.jpg,44.842,69.814,30.69,69.68,1003.59,30,True
f5_2026-05_000090,site_godrej_15f,2026-05-04 01:55:00+00:00,2026-05-04 02:00:00+00:00,2026-05-04 02:00:00+00:00,img_00018,site_godrej_15f/raw/images/2026-05-04/img_2026-05-04T01-55-00Z.jpg,45.776,71.274,30.75,69.57,1003.58,30,True
f5_2026-05_000091,site_godrej_15f,2026-05-04 02:00:00+00:00,2026-05-04 02:05:00+00:00,2026-05-04 02:05:00+00:00,img_00019,site_godrej_15f/raw/images/2026-05-04/img_2026-05-04T02-00-00Z.jpg,46.167,71.577,30.9,68.18,1003.65,30,True
f5_2026-05_000092,site_godrej_15f,2026-05-04 02:05:00+00:00,2026-05-04 02:10:00+00:00,2026-05-04 02:10:00+00:00,img_00020,site_godrej_15f/raw/images/2026-05-04/img_2026-05-04T02-05-00Z.jpg,47.065,73.273,31.01,68.78,1003.7,30,True
f5_2026-05_000093,site_godrej_15f,2026-05-04 02:10:00+00:00,2026-05-04 02:15:00+00:00,2026-05-04 02:15:00+00:00,img_00021,site_godrej_15f/raw/images/2026-05-04/img_2026-05-04T02-10-00Z.jpg,48.026,74.147,31.44,68.68,1003.51,30,True
f5_2026-05_000094,site_godrej_15f,2026-05-04 02:15:00+00:00,2026-05-04 02:20:00+00:00,2026-05-04 02:20:00+00:00,img_00022,site_godrej_15f/raw/images/2026-05-04/img_2026-05-04T02-15-00Z.jpg,48.817,75.076,31.15,69.33,1003.55,30,True
f5_2026-05_000095,site_godrej_15f,2026-05-04 02:20:00+00:00,2026-05-04 02:25:00+00:00,2026-05-04 02:25:00+00:00,img_00023,site_godrej_15f/raw/images/2026-05-04/img_2026-05-04T02-20-00Z.jpg,49.603,77.008,31.57,67.99,1003.61,30,True
f5_2026-05_000096,site_godrej_15f,2026-05-04 02:25:00+00:00,2026-05-04 02:30:00+00:00,2026-05-04 02:30:00+00:00,img_00024,site_godrej_15f/raw/images/2026-05-04/img_2026-05-04T02-25-00Z.jpg,50.19,78.075,31.82,68.39,1003.45,30,True
f5_2026-05_000097,site_godrej_15f,2026-05-04 02:30:00+00:00,2026-05-04 02:35:00+00:00,2026-05-04 02:35:00+00:00,img_00025,site_godrej_15f/raw/images/2026-05-04/img_2026-05-04T02-30-00Z.jpg,50.644,78.991,31.97,68.68,1003.44,30,True
f5_2026-05_000098,site_godrej_15f,2026-05-04 02:35:00+00:00,2026-05-04 02:40:00+00:00,2026-05-04 02:40:00+00:00,img_00026,site_godrej_15f/raw/images/2026-05-04/img_2026-05-04T02-35-00Z.jpg,51.948,80.677,31.35,68.14,1003.44,30,True
f5_2026-05_000099,site_godrej_15f,2026-05-04 02:40:00+00:00,2026-05-04 02:45:00+00:00,2026-05-04 02:45:00+00:00,img_00027,site_godrej_15f/raw/images/2026-05-04/img_2026-05-04T02-40-00Z.jpg,52.147,81.063,31.65,67.45,1003.57,30,True
f5_2026-05_000100,site_godrej_15f,2026-05-04 02:45:00+00:00,2026-05-04 02:50:00+00:00,2026-05-04 02:50:00+00:00,img_00028,site_godrej_15f/raw/images/2026-05-04/img_2026-05-04T02-45-00Z.jpg,53.271,82.491,31.79,67.47,1003.54,30,True
f5_2026-05_000101,site_godrej_15f,2026-05-04 02:50:00+00:00,2026-05-04 02:55:00+00:00,2026-05-04 02:55:00+00:00,img_00029,site_godrej_15f/raw/images/2026-05-04/img_2026-05-04T02-50-00Z.jpg,53.107,82.049,31.75,66.33,1003.3,30,True
f5_2026-05_000102,site_godrej_15f,2026-05-04 02:55:00+00:00,2026-05-04 03:00:00+00:00,2026-05-04 03:00:00+00:00,img_00030,site_godrej_15f/raw/images/2026-05-04/img_2026-05-04T02-55-00Z.jpg,53.654,82.758,31.77,66.25,1003.28,30,True
f5_2026-05_000103,site_godrej_15f,2026-05-04 03:00:00+00:00,2026-05-04 03:05:00+00:00,2026-05-04 03:05:00+00:00,img_00031,site_godrej_15f/raw/images/2026-05-04/img_2026-05-04T03-00-00Z.jpg,54.474,84.472,32.26,67.09,1003.33,30,True
f5_2026-05_000104,site_godrej_15f,2026-05-04 03:05:00+00:00,2026-05-04 03:10:00+00:00,2026-05-04 03:10:00+00:00,img_00032,site_godrej_15f/raw/images/2026-05-04/img_2026-05-04T03-05-00Z.jpg,54.962,84.83,32.22,65.9,1003.44,30,True
f5_2026-05_000105,site_godrej_15f,2026-05-04 03:10:00+00:00,2026-05-04 03:15:00+00:00,2026-05-04 03:15:00+00:00,img_00033,site_godrej_15f/raw/images/2026-05-04/img_2026-05-04T03-10-00Z.jpg,55.664,85.898,32.57,66.75,1003.27,30,True
f5_2026-05_000106,site_godrej_15f,2026-05-04 03:15:00+00:00,2026-05-04 03:20:00+00:00,2026-05-04 03:20:00+00:00,img_00034,site_godrej_15f/raw/images/2026-05-04/img_2026-05-04T03-15-00Z.jpg,55.783,85.965,32.82,66.37,1003.35,30,True
f5_2026-05_000107,site_godrej_15f,2026-05-04 03:20:00+00:00,2026-05-04 03:25:00+00:00,2026-05-04 03:25:00+00:00,img_00035,site_godrej_15f/raw/images/2026-05-04/img_2026-05-04T03-20-00Z.jpg,55.191,85.578,32.39,66.36,1003.36,30,True
f5_2026-05_000108,site_godrej_15f,2026-05-04 03:25:00+00:00,2026-05-04 03:30:00+00:00,2026-05-04 03:30:00+00:00,img_00036,site_godrej_15f/raw/images/2026-05-04/img_2026-05-04T03-25-00Z.jpg,56.27,86.934,32.97,66.51,1003.22,30,True
f5_2026-05_000109,site_godrej_15f,2026-05-04 03:30:00+00:00,2026-05-04 03:35:00+00:00,2026-05-04 03:35:00+00:00,img_00037,site_godrej_15f/raw/images/2026-05-04/img_2026-05-04T03-30-00Z.jpg,56.116,86.501,32.55,65.59,1003.26,30,True
f5_2026-05_000110,site_godrej_15f,2026-05-04 03:35:00+00:00,2026-05-04 03:40:00+00:00,2026-05-04 03:40:00+00:00,img_00038,site_godrej_15f/raw/images/2026-05-04/img_2026-05-04T03-35-00Z.jpg,55.571,85.84,32.98,66.47,1003.19,30,True
f5_2026-05_000111,site_godrej_15f,2026-05-04 03:40:00+00:00,2026-05-04 03:45:00+00:00,2026-05-04 03:45:00+00:00,img_00039,site_godrej_15f/raw/images/2026-05-04/img_2026-05-04T03-40-00Z.jpg,56.144,87.204,32.99,65.77,1003.19,30,True
f5_2026-05_000112,site_godrej_15f,2026-05-04 03:45:00+00:00,2026-05-04 03:50:00+00:00,2026-05-04 03:50:00+00:00,img_00040,site_godrej_15f/raw/images/2026-05-04/img_2026-05-04T03-45-00Z.jpg,55.34,85.722,32.57,65.42,1003.06,30,True
f5_2026-05_000113,site_godrej_15f,2026-05-04 03:50:00+00:00,2026-05-04 03:55:00+00:00,2026-05-04 03:55:00+00:00,img_00041,site_godrej_15f/raw/images/2026-05-04/img_2026-05-04T03-50-00Z.jpg,54.71,85.053,32.99,65.68,1003.04,30,True
f5_2026-05_000114,site_godrej_15f,2026-05-04 03:55:00+00:00,2026-05-04 04:00:00+00:00,2026-05-04 04:00:00+00:00,img_00042,site_godrej_15f/raw/images/2026-05-04/img_2026-05-04T03-55-00Z.jpg,54.72,84.211,32.77,64.49,1003.08,30,True
f5_2026-05_000115,site_godrej_15f,2026-05-04 04:00:00+00:00,2026-05-04 04:05:00+00:00,2026-05-04 04:05:00+00:00,img_00043,site_godrej_15f/raw/images/2026-05-04/img_2026-05-04T04-00-00Z.jpg,54.564,84.536,33.49,65.05,1003.03,30,True
f5_2026-05_000116,site_godrej_15f,2026-05-04 04:05:00+00:00,2026-05-04 04:10:00+00:00,2026-05-04 04:10:00+00:00,img_00044,site_godrej_15f/raw/images/2026-05-04/img_2026-05-04T04-05-00Z.jpg,53.82,83.751,33.12,65.01,1002.92,30,True
f5_2026-05_000117,site_godrej_15f,2026-05-04 04:10:00+00:00,2026-05-04 04:15:00+00:00,2026-05-04 04:15:00+00:00,img_00045,site_godrej_15f/raw/images/2026-05-04/img_2026-05-04T04-10-00Z.jpg,53.49,82.432,33.25,64.16,1002.84,30,True
f5_2026-05_000118,site_godrej_15f,2026-05-04 04:15:00+00:00,2026-05-04 04:20:00+00:00,2026-05-04 04:20:00+00:00,img_00046,site_godrej_15f/raw/images/2026-05-04/img_2026-05-04T04-15-00Z.jpg,52.351,81.047,33.63,66.05,1002.81,30,True
f5_2026-05_000119,site_godrej_15f,2026-05-04 04:20:00+00:00,2026-05-04 04:25:00+00:00,2026-05-04 04:25:00+00:00,img_00047,site_godrej_15f/raw/images/2026-05-04/img_2026-05-04T04-20-00Z.jpg,51.942,79.895,33.03,64.3,1002.82,30,True
f5_2026-05_000120,site_godrej_15f,2026-05-04 04:25:00+00:00,2026-05-04 04:30:00+00:00,2026-05-04 04:30:00+00:00,img_00048,site_godrej_15f/raw/images/2026-05-04/img_2026-05-04T04-25-00Z.jpg,51.505,79.857,33.75,65.22,1003.04,30,True
f5_2026-05_000121,site_godrej_15f,2026-05-04 04:30:00+00:00,2026-05-04 04:35:00+00:00,2026-05-04 04:35:00+00:00,img_00049,site_godrej_15f/raw/images/2026-05-04/img_2026-05-04T04-30-00Z.jpg,50.908,78.976,33.89,65.39,1002.75,30,True
f5_2026-05_000122,site_godrej_15f,2026-05-04 04:35:00+00:00,2026-05-04 04:40:00+00:00,2026-05-04 04:40:00+00:00,img_00050,site_godrej_15f/raw/images/2026-05-04/img_2026-05-04T04-35-00Z.jpg,50.101,77.493,33.74,64.32,1002.79,30,True
f5_2026-05_000123,site_godrej_15f,2026-05-04 04:40:00+00:00,2026-05-04 04:45:00+00:00,2026-05-04 04:45:00+00:00,img_00051,site_godrej_15f/raw/images/2026-05-04/img_2026-05-04T04-40-00Z.jpg,48.789,76.162,33.78,65.11,1002.97,30,True
f5_2026-05_000124,site_godrej_15f,2026-05-04 04:45:00+00:00,2026-05-04 04:50:00+00:00,2026-05-04 04:50:00+00:00,img_00052,site_godrej_15f/raw/images/2026-05-04/img_2026-05-04T04-45-00Z.jpg,48.399,75.114,33.67,65.34,1002.91,30,True
f5_2026-05_000125,site_godrej_15f,2026-05-04 04:50:00+00:00,2026-05-04 04:55:00+00:00,2026-05-04 04:55:00+00:00,img_00053,site_godrej_15f/raw/images/2026-05-04/img_2026-05-04T04-50-00Z.jpg,48.147,74.894,33.91,63.59,1002.66,30,True
f5_2026-05_000126,site_godrej_15f,2026-05-04 04:55:00+00:00,2026-05-04 05:00:00+00:00,2026-05-04 05:00:00+00:00,img_00054,site_godrej_15f/raw/images/2026-05-04/img_2026-05-04T04-55-00Z.jpg,46.922,72.703,33.36,63.85,1002.61,30,True
f5_2026-05_000127,site_godrej_15f,2026-05-04 05:00:00+00:00,2026-05-04 05:05:00+00:00,2026-05-04 05:05:00+00:00,img_00055,site_godrej_15f/raw/images/2026-05-04/img_2026-05-04T05-00-00Z.jpg,46.74,72.774,34.0,63.45,1002.64,30,True
f5_2026-05_000128,site_godrej_15f,2026-05-04 05:05:00+00:00,2026-05-04 05:10:00+00:00,2026-05-04 05:10:00+00:00,img_00056,site_godrej_15f/raw/images/2026-05-04/img_2026-05-04T05-05-00Z.jpg,45.372,70.269,33.49,63.54,1002.58,30,True
f5_2026-05_000129,site_godrej_15f,2026-05-04 05:10:00+00:00,2026-05-04 05:15:00+00:00,2026-05-04 05:15:00+00:00,img_00057,site_godrej_15f/raw/images/2026-05-04/img_2026-05-04T05-10-00Z.jpg,45.481,70.74,34.14,64.47,1002.6,30,True
f5_2026-05_000130,site_godrej_15f,2026-05-04 05:15:00+00:00,2026-05-04 05:20:00+00:00,2026-05-04 05:20:00+00:00,img_00058,site_godrej_15f/raw/images/2026-05-04/img_2026-05-04T05-15-00Z.jpg,44.211,68.207,34.16,65.16,1002.54,30,True
f5_2026-05_000131,site_godrej_15f,2026-05-04 05:20:00+00:00,2026-05-04 05:25:00+00:00,2026-05-04 05:25:00+00:00,img_00059,site_godrej_15f/raw/images/2026-05-04/img_2026-05-04T05-20-00Z.jpg,43.675,68.21,33.55,64.68,1002.65,30,True
f5_2026-05_000132,site_godrej_15f,2026-05-04 05:25:00+00:00,2026-05-04 05:30:00+00:00,2026-05-04 05:30:00+00:00,img_00060,site_godrej_15f/raw/images/2026-05-04/img_2026-05-04T05-25-00Z.jpg,43.228,67.152,33.95,63.64,1002.53,30,True
f5_2026-05_000133,site_godrej_15f,2026-05-04 05:30:00+00:00,2026-05-04 05:35:00+00:00,2026-05-04 05:35:00+00:00,img_00061,site_godrej_15f/raw/images/2026-05-04/img_2026-05-04T05-30-00Z.jpg,42.36,65.584,33.55,63.24,1002.7,30,True
f5_2026-05_000134,site_godrej_15f,2026-05-04 05:35:00+00:00,2026-05-04 05:40:00+00:00,2026-05-04 05:40:00+00:00,img_00062,site_godrej_15f/raw/images/2026-05-04/img_2026-05-04T05-35-00Z.jpg,41.577,64.515,34.17,64.81,1002.58,30,True
f5_2026-05_000135,site_godrej_15f,2026-05-04 05:40:00+00:00,2026-05-04 05:45:00+00:00,2026-05-04 05:45:00+00:00,img_00063,site_godrej_15f/raw/images/2026-05-04/img_2026-05-04T05-40-00Z.jpg,41.761,64.567,34.36,64.32,1002.55,30,True
f5_2026-05_000136,site_godrej_15f,2026-05-04 05:45:00+00:00,2026-05-04 05:50:00+00:00,2026-05-04 05:50:00+00:00,img_00064,site_godrej_15f/raw/images/2026-05-04/img_2026-05-04T05-45-00Z.jpg,41.186,63.856,33.82,63.21,1002.42,30,True
f5_2026-05_000137,site_godrej_15f,2026-05-04 05:50:00+00:00,2026-05-04 05:55:00+00:00,2026-05-04 05:55:00+00:00,img_00065,site_godrej_15f/raw/images/2026-05-04/img_2026-05-04T05-50-00Z.jpg,40.847,63.626,33.67,63.45,1002.53,30,True
f5_2026-05_000138,site_godrej_15f,2026-05-04 05:55:00+00:00,2026-05-04 06:00:00+00:00,2026-05-04 06:00:00+00:00,img_00066,site_godrej_15f/raw/images/2026-05-04/img_2026-05-04T05-55-00Z.jpg,39.933,61.576,33.61,64.68,1002.44,30,True
f5_2026-05_000139,site_godrej_15f,2026-05-04 06:00:00+00:00,2026-05-04 06:05:00+00:00,2026-05-04 06:05:00+00:00,img_00067,site_godrej_15f/raw/images/2026-05-04/img_2026-05-04T06-00-00Z.jpg,39.755,61.29,33.62,63.39,1002.5,30,True
f5_2026-05_000140,site_godrej_15f,2026-05-04 06:05:00+00:00,2026-05-04 06:10:00+00:00,2026-05-04 06:10:00+00:00,img_00068,site_godrej_15f/raw/images/2026-05-04/img_2026-05-04T06-05-00Z.jpg,39.042,60.688,34.0,63.72,1002.29,30,True
f5_2026-05_000141,site_godrej_15f,2026-05-04 06:10:00+00:00,2026-05-04 06:15:00+00:00,2026-05-04 06:15:00+00:00,img_00069,site_godrej_15f/raw/images/2026-05-04/img_2026-05-04T06-10-00Z.jpg,39.203,60.332,34.12,63.21,1002.53,30,True
f5_2026-05_000142,site_godrej_15f,2026-05-04 06:15:00+00:00,2026-05-04 06:20:00+00:00,2026-05-04 06:20:00+00:00,img_00070,site_godrej_15f/raw/images/2026-05-04/img_2026-05-04T06-15-00Z.jpg,39.019,60.993,33.91,63.48,1002.36,30,True
f5_2026-05_000143,site_godrej_15f,2026-05-04 06:20:00+00:00,2026-05-04 06:25:00+00:00,2026-05-04 06:25:00+00:00,img_00071,site_godrej_15f/raw/images/2026-05-04/img_2026-05-04T06-20-00Z.jpg,38.321,59.201,33.85,63.73,1002.19,30,True
f5_2026-05_000144,site_godrej_15f,2026-05-04 06:25:00+00:00,2026-05-04 06:30:00+00:00,2026-05-04 06:30:00+00:00,img_00072,site_godrej_15f/raw/images/2026-05-04/img_2026-05-04T06-25-00Z.jpg,38.217,58.796,34.12,64.64,1002.26,30,True
f5_2026-05_000145,site_godrej_15f,2026-05-04 06:30:00+00:00,2026-05-04 06:35:00+00:00,2026-05-04 06:35:00+00:00,img_00073,site_godrej_15f/raw/images/2026-05-04/img_2026-05-04T06-30-00Z.jpg,37.952,58.822,33.8,64.17,1002.23,30,True
f5_2026-05_000146,site_godrej_15f,2026-05-04 06:35:00+00:00,2026-05-04 06:40:00+00:00,2026-05-04 06:40:00+00:00,img_00074,site_godrej_15f/raw/images/2026-05-04/img_2026-05-04T06-35-00Z.jpg,37.246,58.033,34.06,64.11,1002.29,30,True
f5_2026-05_000147,site_godrej_15f,2026-05-04 06:40:00+00:00,2026-05-04 06:45:00+00:00,2026-05-04 06:45:00+00:00,img_00075,site_godrej_15f/raw/images/2026-05-04/img_2026-05-04T06-40-00Z.jpg,37.055,57.514,34.12,64.77,1002.13,30,True
f5_2026-05_000148,site_godrej_15f,2026-05-04 06:45:00+00:00,2026-05-04 06:50:00+00:00,2026-05-04 06:50:00+00:00,img_00076,site_godrej_15f/raw/images/2026-05-04/img_2026-05-04T06-45-00Z.jpg,37.28,58.066,33.94,63.58,1002.37,30,True
f5_2026-05_000149,site_godrej_15f,2026-05-04 06:50:00+00:00,2026-05-04 06:55:00+00:00,2026-05-04 06:55:00+00:00,img_00077,site_godrej_15f/raw/images/2026-05-04/img_2026-05-04T06-50-00Z.jpg,37.283,57.318,34.19,64.1,1002.3,30,True
f5_2026-05_000150,site_godrej_15f,2026-05-04 06:55:00+00:00,2026-05-04 07:00:00+00:00,2026-05-04 07:00:00+00:00,img_00078,site_godrej_15f/raw/images/2026-05-04/img_2026-05-04T06-55-00Z.jpg,37.003,57.012,33.77,63.78,1002.28,30,True
f5_2026-05_000151,site_godrej_15f,2026-05-04 07:00:00+00:00,2026-05-04 07:05:00+00:00,2026-05-04 07:05:00+00:00,img_00079,site_godrej_15f/raw/images/2026-05-04/img_2026-05-04T07-00-00Z.jpg,36.589,56.767,33.76,64.43,1002.2,30,True
f5_2026-05_000152,site_godrej_15f,2026-05-04 07:05:00+00:00,2026-05-04 07:10:00+00:00,2026-05-04 07:10:00+00:00,img_00080,site_godrej_15f/raw/images/2026-05-04/img_2026-05-04T07-05-00Z.jpg,36.779,57.677,34.14,65.25,1002.3,30,True
f5_2026-05_000153,site_godrej_15f,2026-05-04 07:10:00+00:00,2026-05-04 07:15:00+00:00,2026-05-04 07:15:00+00:00,img_00081,site_godrej_15f/raw/images/2026-05-04/img_2026-05-04T07-10-00Z.jpg,36.403,56.388,33.9,63.71,1002.0,30,True
f5_2026-05_000154,site_godrej_15f,2026-05-04 07:15:00+00:00,2026-05-04 07:20:00+00:00,2026-05-04 07:20:00+00:00,img_00082,site_godrej_15f/raw/images/2026-05-04/img_2026-05-04T07-15-00Z.jpg,36.186,56.178,33.85,63.91,1002.2,30,True
f5_2026-05_000155,site_godrej_15f,2026-05-04 07:20:00+00:00,2026-05-04 07:25:00+00:00,2026-05-04 07:25:00+00:00,img_00083,site_godrej_15f/raw/images/2026-05-04/img_2026-05-04T07-20-00Z.jpg,36.255,56.338,33.99,65.38,1002.01,30,True
f5_2026-05_000156,site_godrej_15f,2026-05-04 07:25:00+00:00,2026-05-04 07:30:00+00:00,2026-05-04 07:30:00+00:00,img_00084,site_godrej_15f/raw/images/2026-05-04/img_2026-05-04T07-25-00Z.jpg,36.049,55.88,33.57,65.25,1002.14,30,True
f5_2026-05_000157,site_godrej_15f,2026-05-04 07:30:00+00:00,2026-05-04 07:35:00+00:00,2026-05-04 07:35:00+00:00,img_00085,site_godrej_15f/raw/images/2026-05-04/img_2026-05-04T07-30-00Z.jpg,36.501,56.616,33.78,65.43,1001.94,30,True
f5_2026-05_000158,site_godrej_15f,2026-05-04 07:35:00+00:00,2026-05-04 07:40:00+00:00,2026-05-04 07:40:00+00:00,img_00086,site_godrej_15f/raw/images/2026-05-04/img_2026-05-04T07-35-00Z.jpg,35.71,55.391,33.5,64.04,1001.91,30,True
f5_2026-05_000159,site_godrej_15f,2026-05-04 07:40:00+00:00,2026-05-04 07:45:00+00:00,2026-05-04 07:45:00+00:00,img_00087,site_godrej_15f/raw/images/2026-05-04/img_2026-05-04T07-40-00Z.jpg,35.829,56.058,33.73,65.54,1001.99,30,True
f5_2026-05_000160,site_godrej_15f,2026-05-04 07:45:00+00:00,2026-05-04 07:50:00+00:00,2026-05-04 07:50:00+00:00,img_00088,site_godrej_15f/raw/images/2026-05-04/img_2026-05-04T07-45-00Z.jpg,34.972,53.638,33.19,64.69,1002.13,30,True
f5_2026-05_000161,site_godrej_15f,2026-05-04 07:50:00+00:00,2026-05-04 07:55:00+00:00,2026-05-04 07:55:00+00:00,img_00089,site_godrej_15f/raw/images/2026-05-04/img_2026-05-04T07-50-00Z.jpg,35.72,55.466,33.64,64.51,1002.1,30,True
f5_2026-05_000162,site_godrej_15f,2026-05-04 07:55:00+00:00,2026-05-04 08:00:00+00:00,2026-05-04 08:00:00+00:00,img_00090,site_godrej_15f/raw/images/2026-05-04/img_2026-05-04T07-55-00Z.jpg,35.144,54.412,33.24,64.46,1001.94,30,True
f5_2026-05_000163,site_godrej_15f,2026-05-04 08:00:00+00:00,2026-05-04 08:05:00+00:00,2026-05-04 08:05:00+00:00,img_00091,site_godrej_15f/raw/images/2026-05-04/img_2026-05-04T08-00-00Z.jpg,35.157,55.007,32.94,65.25,1001.86,30,True
f5_2026-05_000164,site_godrej_15f,2026-05-04 08:05:00+00:00,2026-05-04 08:10:00+00:00,2026-05-04 08:10:00+00:00,img_00092,site_godrej_15f/raw/images/2026-05-04/img_2026-05-04T08-05-00Z.jpg,34.726,53.288,33.05,66.0,1002.08,30,True
f5_2026-05_000165,site_godrej_15f,2026-05-04 08:10:00+00:00,2026-05-04 08:15:00+00:00,2026-05-04 08:15:00+00:00,img_00093,site_godrej_15f/raw/images/2026-05-04/img_2026-05-04T08-10-00Z.jpg,34.71,53.239,33.0,65.45,1001.86,30,True
f5_2026-05_000166,site_godrej_15f,2026-05-04 08:15:00+00:00,2026-05-04 08:20:00+00:00,2026-05-04 08:20:00+00:00,img_00094,site_godrej_15f/raw/images/2026-05-04/img_2026-05-04T08-15-00Z.jpg,34.902,53.573,33.34,66.63,1001.97,30,True
f5_2026-05_000167,site_godrej_15f,2026-05-04 08:20:00+00:00,2026-05-04 08:25:00+00:00,2026-05-04 08:25:00+00:00,img_00095,site_godrej_15f/raw/images/2026-05-04/img_2026-05-04T08-20-00Z.jpg,34.573,53.226,33.25,65.51,1002.07,30,True
f5_2026-05_000168,site_godrej_15f,2026-05-04 08:25:00+00:00,2026-05-04 08:30:00+00:00,2026-05-04 08:30:00+00:00,img_00096,site_godrej_15f/raw/images/2026-05-04/img_2026-05-04T08-25-00Z.jpg,34.966,54.329,32.91,65.38,1001.92,30,True
f5_2026-05_000169,site_godrej_15f,2026-05-04 08:30:00+00:00,2026-05-04 08:35:00+00:00,2026-05-04 08:35:00+00:00,img_00097,site_godrej_15f/raw/images/2026-05-04/img_2026-05-04T08-30-00Z.jpg,34.305,52.987,32.85,65.19,1001.94,30,True
f5_2026-05_000170,site_godrej_15f,2026-05-04 08:35:00+00:00,2026-05-04 08:40:00+00:00,2026-05-04 08:40:00+00:00,img_00098,site_godrej_15f/raw/images/2026-05-04/img_2026-05-04T08-35-00Z.jpg,34.286,52.661,32.49,66.6,1001.8,30,True
f5_2026-05_000171,site_godrej_15f,2026-05-04 08:40:00+00:00,2026-05-04 08:45:00+00:00,2026-05-04 08:45:00+00:00,img_00099,site_godrej_15f/raw/images/2026-05-04/img_2026-05-04T08-40-00Z.jpg,34.761,53.631,32.71,66.38,1001.92,30,True
f5_2026-05_000172,site_godrej_15f,2026-05-04 08:45:00+00:00,2026-05-04 08:50:00+00:00,2026-05-04 08:50:00+00:00,img_00100,site_godrej_15f/raw/images/2026-05-04/img_2026-05-04T08-45-00Z.jpg,34.445,53.142,32.15,66.63,1001.79,30,True
f5_2026-05_000173,site_godrej_15f,2026-05-04 08:50:00+00:00,2026-05-04 08:55:00+00:00,2026-05-04 08:55:00+00:00,img_00101,site_godrej_15f/raw/images/2026-05-04/img_2026-05-04T08-50-00Z.jpg,33.814,52.582,32.25,67.17,1001.86,30,True
f5_2026-05_000174,site_godrej_15f,2026-05-04 08:55:00+00:00,2026-05-04 09:00:00+00:00,2026-05-04 09:00:00+00:00,img_00102,site_godrej_15f/raw/images/2026-05-04/img_2026-05-04T08-55-00Z.jpg,34.726,53.975,32.62,65.83,1001.87,30,True
f5_2026-05_000175,site_godrej_15f,2026-05-04 09:00:00+00:00,2026-05-04 09:05:00+00:00,2026-05-04 09:05:00+00:00,img_00103,site_godrej_15f/raw/images/2026-05-04/img_2026-05-04T09-00-00Z.jpg,34.023,52.244,32.28,67.02,1001.73,30,True
f5_2026-05_000176,site_godrej_15f,2026-05-04 09:05:00+00:00,2026-05-04 09:10:00+00:00,2026-05-04 09:10:00+00:00,img_00104,site_godrej_15f/raw/images/2026-05-04/img_2026-05-04T09-05-00Z.jpg,33.952,52.302,32.46,67.98,1001.77,30,True
f5_2026-05_000177,site_godrej_15f,2026-05-04 09:10:00+00:00,2026-05-04 09:15:00+00:00,2026-05-04 09:15:00+00:00,img_00105,site_godrej_15f/raw/images/2026-05-04/img_2026-05-04T09-10-00Z.jpg,33.964,52.627,31.84,66.57,1001.71,30,True
f5_2026-05_000178,site_godrej_15f,2026-05-04 09:15:00+00:00,2026-05-04 09:20:00+00:00,2026-05-04 09:20:00+00:00,img_00106,site_godrej_15f/raw/images/2026-05-04/img_2026-05-04T09-15-00Z.jpg,34.101,52.424,31.59,67.33,1001.78,30,True
f5_2026-05_000179,site_godrej_15f,2026-05-04 09:20:00+00:00,2026-05-04 09:25:00+00:00,2026-05-04 09:25:00+00:00,img_00107,site_godrej_15f/raw/images/2026-05-04/img_2026-05-04T09-20-00Z.jpg,33.926,52.036,32.08,66.6,1001.92,30,True
f5_2026-05_000180,site_godrej_15f,2026-05-04 09:25:00+00:00,2026-05-04 09:30:00+00:00,2026-05-04 09:30:00+00:00,img_00108,site_godrej_15f/raw/images/2026-05-04/img_2026-05-04T09-25-00Z.jpg,33.99,52.341,31.39,68.11,1001.91,30,True
f5_2026-05_000181,site_godrej_15f,2026-05-04 09:30:00+00:00,2026-05-04 09:35:00+00:00,2026-05-04 09:35:00+00:00,img_00109,site_godrej_15f/raw/images/2026-05-04/img_2026-05-04T09-30-00Z.jpg,33.15,51.368,31.85,67.68,1001.87,30,True
f5_2026-05_000182,site_godrej_15f,2026-05-04 09:35:00+00:00,2026-05-04 09:40:00+00:00,2026-05-04 09:40:00+00:00,img_00110,site_godrej_15f/raw/images/2026-05-04/img_2026-05-04T09-35-00Z.jpg,33.758,52.629,31.35,67.27,1001.74,30,True
f5_2026-05_000183,site_godrej_15f,2026-05-04 09:40:00+00:00,2026-05-04 09:45:00+00:00,2026-05-04 09:45:00+00:00,img_00111,site_godrej_15f/raw/images/2026-05-04/img_2026-05-04T09-40-00Z.jpg,33.975,52.708,31.11,68.55,1001.96,30,True
f5_2026-05_000184,site_godrej_15f,2026-05-04 09:45:00+00:00,2026-05-04 09:50:00+00:00,2026-05-04 09:50:00+00:00,img_00112,site_godrej_15f/raw/images/2026-05-04/img_2026-05-04T09-45-00Z.jpg,33.307,51.907,31.43,68.81,1001.86,30,True
f5_2026-05_000185,site_godrej_15f,2026-05-04 09:50:00+00:00,2026-05-04 09:55:00+00:00,2026-05-04 09:55:00+00:00,img_00113,site_godrej_15f/raw/images/2026-05-04/img_2026-05-04T09-50-00Z.jpg,34.242,53.151,31.2,68.95,1001.94,30,True
f5_2026-05_000186,site_godrej_15f,2026-05-04 09:55:00+00:00,2026-05-04 10:00:00+00:00,2026-05-04 10:00:00+00:00,img_00114,site_godrej_15f/raw/images/2026-05-04/img_2026-05-04T09-55-00Z.jpg,33.874,52.323,30.79,69.13,1001.87,30,True
f5_2026-05_000187,site_godrej_15f,2026-05-04 10:00:00+00:00,2026-05-04 10:05:00+00:00,2026-05-04 10:05:00+00:00,img_00115,site_godrej_15f/raw/images/2026-05-04/img_2026-05-04T10-00-00Z.jpg,34.089,52.912,31.19,69.89,1001.79,30,True
f5_2026-05_000188,site_godrej_15f,2026-05-04 10:05:00+00:00,2026-05-04 10:10:00+00:00,2026-05-04 10:10:00+00:00,img_00116,site_godrej_15f/raw/images/2026-05-04/img_2026-05-04T10-05-00Z.jpg,34.436,53.471,30.8,69.83,1001.91,30,True
f5_2026-05_000189,site_godrej_15f,2026-05-04 10:10:00+00:00,2026-05-04 10:15:00+00:00,2026-05-04 10:15:00+00:00,img_00117,site_godrej_15f/raw/images/2026-05-04/img_2026-05-04T10-10-00Z.jpg,34.338,53.238,30.48,68.45,1001.67,30,True
f5_2026-05_000190,site_godrej_15f,2026-05-04 10:15:00+00:00,2026-05-04 10:20:00+00:00,2026-05-04 10:20:00+00:00,img_00118,site_godrej_15f/raw/images/2026-05-04/img_2026-05-04T10-15-00Z.jpg,34.613,53.383,30.8,69.58,1001.8,30,True
f5_2026-05_000191,site_godrej_15f,2026-05-04 10:20:00+00:00,2026-05-04 10:25:00+00:00,2026-05-04 10:25:00+00:00,img_00119,site_godrej_15f/raw/images/2026-05-04/img_2026-05-04T10-20-00Z.jpg,34.397,53.14,30.7,68.95,1001.81,30,True
f5_2026-05_000192,site_godrej_15f,2026-05-04 10:25:00+00:00,2026-05-04 10:30:00+00:00,2026-05-04 10:30:00+00:00,img_00120,site_godrej_15f/raw/images/2026-05-04/img_2026-05-04T10-25-00Z.jpg,34.852,54.352,30.69,69.12,1001.76,30,True
f5_2026-05_000193,site_godrej_15f,2026-05-04 10:30:00+00:00,2026-05-04 10:35:00+00:00,2026-05-04 10:35:00+00:00,img_00121,site_godrej_15f/raw/images/2026-05-04/img_2026-05-04T10-30-00Z.jpg,35.091,54.317,30.4,70.68,1001.85,30,True
f5_2026-05_000194,site_godrej_15f,2026-05-04 10:35:00+00:00,2026-05-04 10:40:00+00:00,2026-05-04 10:40:00+00:00,img_00122,site_godrej_15f/raw/images/2026-05-04/img_2026-05-04T10-35-00Z.jpg,35.131,54.405,30.1,70.66,1001.82,30,True
f5_2026-05_000195,site_godrej_15f,2026-05-04 10:40:00+00:00,2026-05-04 10:45:00+00:00,2026-05-04 10:45:00+00:00,img_00123,site_godrej_15f/raw/images/2026-05-04/img_2026-05-04T10-40-00Z.jpg,35.171,54.722,30.41,70.07,1001.67,30,True
f5_2026-05_000196,site_godrej_15f,2026-05-04 10:45:00+00:00,2026-05-04 10:50:00+00:00,2026-05-04 10:50:00+00:00,img_00124,site_godrej_15f/raw/images/2026-05-04/img_2026-05-04T10-45-00Z.jpg,36.004,56.01,29.77,71.27,1001.86,30,True
f5_2026-05_000197,site_godrej_15f,2026-05-04 10:50:00+00:00,2026-05-04 10:55:00+00:00,2026-05-04 10:55:00+00:00,img_00125,site_godrej_15f/raw/images/2026-05-04/img_2026-05-04T10-50-00Z.jpg,36.18,56.585,29.8,70.09,1001.95,30,True
f5_2026-05_000198,site_godrej_15f,2026-05-04 10:55:00+00:00,2026-05-04 11:00:00+00:00,2026-05-04 11:00:00+00:00,img_00126,site_godrej_15f/raw/images/2026-05-04/img_2026-05-04T10-55-00Z.jpg,36.435,56.639,29.57,70.6,1001.7,30,True
f5_2026-05_000199,site_godrej_15f,2026-05-04 11:00:00+00:00,2026-05-04 11:05:00+00:00,2026-05-04 11:05:00+00:00,img_00127,site_godrej_15f/raw/images/2026-05-04/img_2026-05-04T11-00-00Z.jpg,36.553,56.024,29.61,70.49,1001.83,30,True
f5_2026-05_000200,site_godrej_15f,2026-05-04 11:05:00+00:00,2026-05-04 11:10:00+00:00,2026-05-04 11:10:00+00:00,img_00128,site_godrej_15f/raw/images/2026-05-04/img_2026-05-04T11-05-00Z.jpg,37.183,57.659,29.69,72.35,1001.77,30,True
f5_2026-05_000201,site_godrej_15f,2026-05-04 11:10:00+00:00,2026-05-04 11:15:00+00:00,2026-05-04 11:15:00+00:00,img_00129,site_godrej_15f/raw/images/2026-05-04/img_2026-05-04T11-10-00Z.jpg,37.983,58.85,29.19,72.72,1001.84,30,True
f5_2026-05_000202,site_godrej_15f,2026-05-04 11:15:00+00:00,2026-05-04 11:20:00+00:00,2026-05-04 11:20:00+00:00,img_00130,site_godrej_15f/raw/images/2026-05-04/img_2026-05-04T11-15-00Z.jpg,38.178,59.266,29.43,72.1,1001.97,30,True
f5_2026-05_000203,site_godrej_15f,2026-05-04 11:20:00+00:00,2026-05-04 11:25:00+00:00,2026-05-04 11:25:00+00:00,img_00131,site_godrej_15f/raw/images/2026-05-04/img_2026-05-04T11-20-00Z.jpg,39.053,60.475,29.37,71.34,1001.91,30,True
f5_2026-05_000204,site_godrej_15f,2026-05-04 11:25:00+00:00,2026-05-04 11:30:00+00:00,2026-05-04 11:30:00+00:00,img_00132,site_godrej_15f/raw/images/2026-05-04/img_2026-05-04T11-25-00Z.jpg,39.322,60.843,28.91,71.78,1002.0,30,True
f5_2026-05_000205,site_godrej_15f,2026-05-04 11:30:00+00:00,2026-05-04 11:35:00+00:00,2026-05-04 11:35:00+00:00,img_00133,site_godrej_15f/raw/images/2026-05-04/img_2026-05-04T11-30-00Z.jpg,39.591,61.42,28.71,72.86,1001.74,30,True
f5_2026-05_000206,site_godrej_15f,2026-05-04 11:35:00+00:00,2026-05-04 11:40:00+00:00,2026-05-04 11:40:00+00:00,img_00134,site_godrej_15f/raw/images/2026-05-04/img_2026-05-04T11-35-00Z.jpg,40.402,62.89,28.38,72.61,1001.8,30,True
f5_2026-05_000207,site_godrej_15f,2026-05-04 11:40:00+00:00,2026-05-04 11:45:00+00:00,2026-05-04 11:45:00+00:00,img_00135,site_godrej_15f/raw/images/2026-05-04/img_2026-05-04T11-40-00Z.jpg,40.412,62.723,28.73,73.21,1001.86,30,True
f5_2026-05_000208,site_godrej_15f,2026-05-04 11:45:00+00:00,2026-05-04 11:50:00+00:00,2026-05-04 11:50:00+00:00,img_00136,site_godrej_15f/raw/images/2026-05-04/img_2026-05-04T11-45-00Z.jpg,41.49,64.187,28.28,73.48,1001.86,30,True
f5_2026-05_000209,site_godrej_15f,2026-05-04 11:50:00+00:00,2026-05-04 11:55:00+00:00,2026-05-04 11:55:00+00:00,img_00137,site_godrej_15f/raw/images/2026-05-04/img_2026-05-04T11-50-00Z.jpg,42.151,65.243,28.36,73.7,1001.93,30,True
f5_2026-05_000210,site_godrej_15f,2026-05-04 11:55:00+00:00,2026-05-04 12:00:00+00:00,2026-05-04 12:00:00+00:00,img_00138,site_godrej_15f/raw/images/2026-05-04/img_2026-05-04T11-55-00Z.jpg,42.617,65.657,27.96,72.81,1001.86,30,True
f5_2026-05_000211,site_godrej_15f,2026-05-04 12:00:00+00:00,2026-05-04 12:05:00+00:00,2026-05-04 12:05:00+00:00,img_00139,site_godrej_15f/raw/images/2026-05-04/img_2026-05-04T12-00-00Z.jpg,43.587,67.321,27.76,73.36,1001.97,30,True
f5_2026-05_000212,site_godrej_15f,2026-05-04 12:05:00+00:00,2026-05-04 12:10:00+00:00,2026-05-04 12:10:00+00:00,img_00140,site_godrej_15f/raw/images/2026-05-04/img_2026-05-04T12-05-00Z.jpg,43.997,68.595,27.92,74.18,1001.94,30,True
f5_2026-05_000213,site_godrej_15f,2026-05-04 12:10:00+00:00,2026-05-04 12:15:00+00:00,2026-05-04 12:15:00+00:00,img_00141,site_godrej_15f/raw/images/2026-05-04/img_2026-05-04T12-10-00Z.jpg,44.204,68.277,27.61,73.57,1001.88,30,True
f5_2026-05_000214,site_godrej_15f,2026-05-04 12:15:00+00:00,2026-05-04 12:20:00+00:00,2026-05-04 12:20:00+00:00,img_00142,site_godrej_15f/raw/images/2026-05-04/img_2026-05-04T12-15-00Z.jpg,44.841,69.131,27.56,74.66,1002.05,30,True
f5_2026-05_000215,site_godrej_15f,2026-05-04 12:20:00+00:00,2026-05-04 12:25:00+00:00,2026-05-04 12:25:00+00:00,img_00143,site_godrej_15f/raw/images/2026-05-04/img_2026-05-04T12-20-00Z.jpg,45.176,69.975,27.41,74.73,1002.08,30,True
f5_2026-05_000216,site_godrej_15f,2026-05-04 12:25:00+00:00,2026-05-04 12:30:00+00:00,2026-05-04 12:30:00+00:00,img_00144,site_godrej_15f/raw/images/2026-05-04/img_2026-05-04T12-25-00Z.jpg,46.495,72.212,27.17,75.45,1001.98,30,True
f5_2026-05_000217,site_godrej_15f,2026-05-04 12:30:00+00:00,2026-05-04 12:35:00+00:00,2026-05-04 12:35:00+00:00,,,46.436,72.318,27.06,74.34,1001.99,30,False
f5_2026-05_000218,site_godrej_15f,2026-05-04 12:35:00+00:00,2026-05-04 12:40:00+00:00,2026-05-04 12:40:00+00:00,,,47.094,73.136,26.97,76.05,1002.18,30,False
f5_2026-05_000219,site_godrej_15f,2026-05-04 12:40:00+00:00,2026-05-04 12:45:00+00:00,2026-05-04 12:45:00+00:00,,,47.639,73.719,27.13,75.95,1002.16,30,False
f5_2026-05_000220,site_godrej_15f,2026-05-04 12:45:00+00:00,2026-05-04 12:50:00+00:00,2026-05-04 12:50:00+00:00,,,47.828,74.316,26.52,76.13,1002.02,30,False
f5_2026-05_000221,site_godrej_15f,2026-05-04 12:50:00+00:00,2026-05-04 12:55:00+00:00,2026-05-04 12:55:00+00:00,,,48.361,74.687,26.57,76.78,1002.06,30,False
f5_2026-05_000222,site_godrej_15f,2026-05-04 12:55:00+00:00,2026-05-04 13:00:00+00:00,2026-05-04 13:00:00+00:00,,,48.512,75.732,26.38,75.49,1002.17,30,False
f5_2026-05_000223,site_godrej_15f,2026-05-04 13:00:00+00:00,2026-05-04 13:05:00+00:00,2026-05-04 13:05:00+00:00,,,49.072,75.859,26.36,75.9,1002.11,30,False
f5_2026-05_000224,site_godrej_15f,2026-05-04 13:05:00+00:00,2026-05-04 13:10:00+00:00,2026-05-04 13:10:00+00:00,,,48.958,76.343,26.19,76.24,1002.08,30,False
f5_2026-05_000225,site_godrej_15f,2026-05-04 13:10:00+00:00,2026-05-04 13:15:00+00:00,2026-05-04 13:15:00+00:00,,,49.121,75.677,25.95,76.33,1002.03,30,False
f5_2026-05_000226,site_godrej_15f,2026-05-04 13:15:00+00:00,2026-05-04 13:20:00+00:00,2026-05-04 13:20:00+00:00,,,49.594,76.525,25.72,76.8,1002.04,30,False
f5_2026-05_000227,site_godrej_15f,2026-05-04 13:20:00+00:00,2026-05-04 13:25:00+00:00,2026-05-04 13:25:00+00:00,,,49.267,76.531,26.3,76.76,1002.13,30,False
f5_2026-05_000228,site_godrej_15f,2026-05-04 13:25:00+00:00,2026-05-04 13:30:00+00:00,2026-05-04 13:30:00+00:00,,,49.553,77.142,25.48,77.68,1002.2,30,False
f5_2026-05_000229,site_godrej_15f,2026-05-04 13:30:00+00:00,2026-05-04 13:35:00+00:00,2026-05-04 13:35:00+00:00,,,49.364,76.22,25.34,77.98,1002.24,30,False
f5_2026-05_000230,site_godrej_15f,2026-05-04 13:35:00+00:00,2026-05-04 13:40:00+00:00,2026-05-04 13:40:00+00:00,,,48.813,75.673,25.91,77.98,1002.27,30,False
f5_2026-05_000231,site_godrej_15f,2026-05-04 13:40:00+00:00,2026-05-04 13:45:00+00:00,2026-05-04 13:45:00+00:00,,,48.869,75.612,25.18,79.17,1002.18,30,False
f5_2026-05_000232,site_godrej_15f,2026-05-04 13:45:00+00:00,2026-05-04 13:50:00+00:00,2026-05-04 13:50:00+00:00,,,48.961,75.866,25.3,79.04,1002.38,30,False
f5_2026-05_000233,site_godrej_15f,2026-05-04 13:50:00+00:00,2026-05-04 13:55:00+00:00,2026-05-04 13:55:00+00:00,,,48.597,75.189,25.02,78.02,1002.33,30,False
f5_2026-05_000234,site_godrej_15f,2026-05-04 13:55:00+00:00,2026-05-04 14:00:00+00:00,2026-05-04 14:00:00+00:00,,,48.217,74.886,25.03,79.0,1002.26,30,False
f5_2026-05_000235,site_godrej_15f,2026-05-04 14:00:00+00:00,2026-05-04 14:05:00+00:00,2026-05-04 14:05:00+00:00,,,47.616,73.399,24.9,78.52,1002.47,30,False
f5_2026-05_000236,site_godrej_15f,2026-05-04 14:05:00+00:00,2026-05-04 14:10:00+00:00,2026-05-04 14:10:00+00:00,,,47.271,73.673,25.13,78.43,1002.43,30,False
f5_2026-05_000237,site_godrej_15f,2026-05-04 14:10:00+00:00,2026-05-04 14:15:00+00:00,2026-05-04 14:15:00+00:00,,,46.312,71.819,24.6,79.8,1002.37,30,False
f5_2026-05_000238,site_godrej_15f,2026-05-04 14:15:00+00:00,2026-05-04 14:20:00+00:00,2026-05-04 14:20:00+00:00,,,45.374,70.286,24.77,79.33,1002.57,30,False
f5_2026-05_000239,site_godrej_15f,2026-05-04 14:20:00+00:00,2026-05-04 14:25:00+00:00,2026-05-04 14:25:00+00:00,,,45.862,71.062,24.29,79.54,1002.36,30,False
f5_2026-05_000240,site_godrej_15f,2026-05-04 14:25:00+00:00,2026-05-04 14:30:00+00:00,2026-05-04 14:30:00+00:00,,,44.814,69.691,24.7,79.16,1002.43,30,False
f5_2026-05_000241,site_godrej_15f,2026-05-04 14:30:00+00:00,2026-05-04 14:35:00+00:00,2026-05-04 14:35:00+00:00,,,43.839,68.271,24.54,80.67,1002.61,30,False
f5_2026-05_000242,site_godrej_15f,2026-05-04 14:35:00+00:00,2026-05-04 14:40:00+00:00,2026-05-04 14:40:00+00:00,,,43.269,67.176,24.42,79.77,1002.4,30,False
f5_2026-05_000243,site_godrej_15f,2026-05-04 14:40:00+00:00,2026-05-04 14:45:00+00:00,2026-05-04 14:45:00+00:00,,,42.394,65.744,23.91,80.55,1002.49,30,False
f5_2026-05_000244,site_godrej_15f,2026-05-04 14:45:00+00:00,2026-05-04 14:50:00+00:00,2026-05-04 14:50:00+00:00,,,41.971,64.893,24.19,80.38,1002.54,30,False
f5_2026-05_000245,site_godrej_15f,2026-05-04 14:50:00+00:00,2026-05-04 14:55:00+00:00,2026-05-04 14:55:00+00:00,,,41.67,64.553,24.03,80.74,1002.54,30,False
f5_2026-05_000246,site_godrej_15f,2026-05-04 14:55:00+00:00,2026-05-04 15:00:00+00:00,2026-05-04 15:00:00+00:00,,,41.036,63.896,23.85,80.88,1002.6,30,False
f5_2026-05_000247,site_godrej_15f,2026-05-04 15:00:00+00:00,2026-05-04 15:05:00+00:00,2026-05-04 15:05:00+00:00,,,40.015,61.752,23.68,81.71,1002.62,30,False
f5_2026-05_000248,site_godrej_15f,2026-05-04 15:05:00+00:00,2026-05-04 15:10:00+00:00,2026-05-04 15:10:00+00:00,,,38.624,59.826,23.96,81.85,1002.78,30,False
f5_2026-05_000249,site_godrej_15f,2026-05-04 15:10:00+00:00,2026-05-04 15:15:00+00:00,2026-05-04 15:15:00+00:00,,,38.125,58.732,23.85,81.67,1002.74,30,False
f5_2026-05_000250,site_godrej_15f,2026-05-04 15:15:00+00:00,2026-05-04 15:20:00+00:00,2026-05-04 15:20:00+00:00,,,36.859,57.569,23.81,81.94,1002.79,30,False
f5_2026-05_000251,site_godrej_15f,2026-05-04 15:20:00+00:00,2026-05-04 15:25:00+00:00,2026-05-04 15:25:00+00:00,,,37.097,57.876,23.65,81.55,1002.84,30,False
f5_2026-05_000252,site_godrej_15f,2026-05-04 15:25:00+00:00,2026-05-04 15:30:00+00:00,2026-05-04 15:30:00+00:00,,,35.235,54.705,23.35,81.49,1002.88,30,False
f5_2026-05_000253,site_godrej_15f,2026-05-04 15:30:00+00:00,2026-05-04 15:35:00+00:00,2026-05-04 15:35:00+00:00,,,35.121,54.402,23.63,81.65,1002.81,30,False
f5_2026-05_000254,site_godrej_15f,2026-05-04 15:35:00+00:00,2026-05-04 15:40:00+00:00,2026-05-04 15:40:00+00:00,,,34.807,54.166,22.82,82.75,1002.98,30,False
f5_2026-05_000255,site_godrej_15f,2026-05-04 15:40:00+00:00,2026-05-04 15:45:00+00:00,2026-05-04 15:45:00+00:00,,,34.126,53.427,22.88,82.2,1002.92,30,False
f5_2026-05_000256,site_godrej_15f,2026-05-04 15:45:00+00:00,2026-05-04 15:50:00+00:00,2026-05-04 15:50:00+00:00,,,33.493,51.601,23.35,81.43,1002.79,30,False
f5_2026-05_000257,site_godrej_15f,2026-05-04 15:50:00+00:00,2026-05-04 15:55:00+00:00,2026-05-04 15:55:00+00:00,,,33.055,51.319,23.35,82.64,1002.82,30,False
f5_2026-05_000258,site_godrej_15f,2026-05-04 15:55:00+00:00,2026-05-04 16:00:00+00:00,2026-05-04 16:00:00+00:00,,,32.402,49.847,23.19,83.25,1003.07,30,False
f5_2026-05_000259,site_godrej_15f,2026-05-04 16:00:00+00:00,2026-05-04 16:05:00+00:00,2026-05-04 16:05:00+00:00,,,31.845,49.466,22.7,83.59,1002.92,30,False
f5_2026-05_000260,site_godrej_15f,2026-05-04 16:05:00+00:00,2026-05-04 16:10:00+00:00,2026-05-04 16:10:00+00:00,,,31.292,47.978,22.66,82.8,1002.88,30,False
f5_2026-05_000261,site_godrej_15f,2026-05-04 16:10:00+00:00,2026-05-04 16:15:00+00:00,2026-05-04 16:15:00+00:00,,,30.632,47.425,22.35,82.62,1002.94,30,False
f5_2026-05_000262,site_godrej_15f,2026-05-04 16:15:00+00:00,2026-05-04 16:20:00+00:00,2026-05-04 16:20:00+00:00,,,30.339,47.585,22.43,83.81,1003.07,30,False
f5_2026-05_000263,site_godrej_15f,2026-05-04 16:20:00+00:00,2026-05-04 16:25:00+00:00,2026-05-04 16:25:00+00:00,,,30.028,46.953,22.54,82.86,1003.12,30,False
f5_2026-05_000264,site_godrej_15f,2026-05-04 16:25:00+00:00,2026-05-04 16:30:00+00:00,2026-05-04 16:30:00+00:00,,,29.423,45.377,22.61,83.84,1003.22,30,False
f5_2026-05_000265,site_godrej_15f,2026-05-04 16:30:00+00:00,2026-05-04 16:35:00+00:00,2026-05-04 16:35:00+00:00,,,29.506,45.39,22.86,83.67,1003.19,30,False
f5_2026-05_000266,site_godrej_15f,2026-05-04 16:35:00+00:00,2026-05-04 16:40:00+00:00,2026-05-04 16:40:00+00:00,,,29.239,45.228,22.56,82.71,1003.13,30,False
f5_2026-05_000267,site_godrej_15f,2026-05-04 16:40:00+00:00,2026-05-04 16:45:00+00:00,2026-05-04 16:45:00+00:00,,,28.557,43.73,22.33,83.39,1003.05,30,False
f5_2026-05_000268,site_godrej_15f,2026-05-04 16:45:00+00:00,2026-05-04 16:50:00+00:00,2026-05-04 16:50:00+00:00,,,28.188,43.335,22.37,83.14,1003.18,30,False
f5_2026-05_000269,site_godrej_15f,2026-05-04 16:50:00+00:00,2026-05-04 16:55:00+00:00,2026-05-04 16:55:00+00:00,,,28.659,44.018,22.48,82.53,1003.23,30,False
f5_2026-05_000270,site_godrej_15f,2026-05-04 16:55:00+00:00,2026-05-04 17:00:00+00:00,2026-05-04 17:00:00+00:00,,,27.935,43.862,22.6,82.6,1003.17,30,False
f5_2026-05_000271,site_godrej_15f,2026-05-04 17:00:00+00:00,2026-05-04 17:05:00+00:00,2026-05-04 17:05:00+00:00,,,27.699,42.734,22.54,83.51,1003.23,30,False
f5_2026-05_000272,site_godrej_15f,2026-05-04 17:05:00+00:00,2026-05-04 17:10:00+00:00,2026-05-04 17:10:00+00:00,,,27.749,42.877,22.56,83.39,1003.16,30,False
f5_2026-05_000273,site_godrej_15f,2026-05-04 17:10:00+00:00,2026-05-04 17:15:00+00:00,2026-05-04 17:15:00+00:00,,,27.989,43.076,22.38,83.18,1003.32,30,False
f5_2026-05_000274,site_godrej_15f,2026-05-04 17:15:00+00:00,2026-05-04 17:20:00+00:00,2026-05-04 17:20:00+00:00,,,27.038,41.745,22.18,83.93,1003.42,30,False
f5_2026-05_000275,site_godrej_15f,2026-05-04 17:20:00+00:00,2026-05-04 17:25:00+00:00,2026-05-04 17:25:00+00:00,,,27.019,41.783,22.19,84.16,1003.37,30,False
f5_2026-05_000276,site_godrej_15f,2026-05-04 17:25:00+00:00,2026-05-04 17:30:00+00:00,2026-05-04 17:30:00+00:00,,,26.954,41.9,22.1,83.24,1003.53,30,False
f5_2026-05_000277,site_godrej_15f,2026-05-04 17:30:00+00:00,2026-05-04 17:35:00+00:00,2026-05-04 17:35:00+00:00,,,27.411,43.095,22.03,83.41,1003.38,30,False
f5_2026-05_000278,site_godrej_15f,2026-05-04 17:35:00+00:00,2026-05-04 17:40:00+00:00,2026-05-04 17:40:00+00:00,,,27.31,42.411,22.43,84.16,1003.51,30,False
f5_2026-05_000279,site_godrej_15f,2026-05-04 17:40:00+00:00,2026-05-04 17:45:00+00:00,2026-05-04 17:45:00+00:00,,,26.858,41.736,21.7,83.93,1003.58,30,False
f5_2026-05_000280,site_godrej_15f,2026-05-04 17:45:00+00:00,2026-05-04 17:50:00+00:00,2026-05-04 17:50:00+00:00,,,27.31,41.689,22.02,83.5,1003.47,30,False
f5_2026-05_000281,site_godrej_15f,2026-05-04 17:50:00+00:00,2026-05-04 17:55:00+00:00,2026-05-04 17:55:00+00:00,,,27.128,42.239,21.77,84.63,1003.52,30,False
f5_2026-05_000282,site_godrej_15f,2026-05-04 17:55:00+00:00,2026-05-04 18:00:00+00:00,2026-05-04 18:00:00+00:00,,,26.602,41.149,22.3,83.56,1003.56,30,False
f5_2026-05_000283,site_godrej_15f,2026-05-04 18:00:00+00:00,2026-05-04 18:05:00+00:00,2026-05-04 18:05:00+00:00,,,27.041,41.964,22.25,84.97,1003.44,30,False
f5_2026-05_000284,site_godrej_15f,2026-05-04 18:05:00+00:00,2026-05-04 18:10:00+00:00,2026-05-04 18:10:00+00:00,,,26.847,41.63,21.76,84.86,1003.63,30,False
f5_2026-05_000285,site_godrej_15f,2026-05-04 18:10:00+00:00,2026-05-04 18:15:00+00:00,2026-05-04 18:15:00+00:00,,,27.263,42.935,22.06,83.48,1003.57,30,False
f5_2026-05_000286,site_godrej_15f,2026-05-04 18:15:00+00:00,2026-05-04 18:20:00+00:00,2026-05-04 18:20:00+00:00,,,27.221,42.591,22.26,83.05,1003.64,30,False
f5_2026-05_000287,site_godrej_15f,2026-05-04 18:20:00+00:00,2026-05-04 18:25:00+00:00,2026-05-04 18:25:00+00:00,,,26.52,40.97,22.13,84.09,1003.71,30,False
f5_2026-05_000288,site_godrej_15f,2026-05-04 18:25:00+00:00,2026-05-04 18:30:00+00:00,2026-05-04 18:30:00+00:00,,,27.163,42.14,22.01,84.42,1003.8,30,False
